Date,Location,Province,seq. no 00:,Lat.,Long,Host,"Galls present/ absent (1= present, 0=absent)",No emergence,Leptocybe F,Leptocybe M,Total Leptocybe,Quadrastichus,Total wasps,% parasitism,other,,,,,
13/07/2015,Chachoengsao,Prachin Buri,1,13.240278,101.683611,K7,1,,2,,2,3,5,42.86,,,,,,
13/07/2015,Chachoengsao,Prachin Buri,1,13.75788001,101.684023,K7,1,,2,0,2,1,3,20.00,,,Row Labels,Sum of Leptocybe F,Sum of Leptocybe M,Sum of Quadrastichus
13/07/2015,Chachoengsao,Prachin Buri,1,13.75788001,101.684023,K7,1,,2,0,2,2,4,33.33,,,Ayutthaya,1,,
13/07/2015,Chachoengsao,Prachin Buri,2,13.757734,101.683771,K7,1,,14,0,14,22,36,44.00,,,Buriram,3,,7
13/07/2015,Chachoengsao,Prachin Buri,2,13.757734,101.683771,K7,1,,47,0,47,28,75,22.95,,,Chachoengsao,32,,112
13/07/2015,Sa Kaeo,Sa Kaeo,2,13.980833,102.059167,K7,0,,,,0,,0,,,,Chainat,19,,21
13/07/2015,Sa Kaeo,Sa Kaeo,3,13.937778,102.1025,K7,0,,,,0,,0,,,,Chonburi,1,,7
13/07/2015,Sa Kaeo,Sa Kaeo,4,13.940556,102.103889,K7,0,,,,0,,0,,,,Kalasin,8,11,
13/07/2015,Sa Kaeo,Sa Kaeo,1,13.93786303,102.102454,Euc.sp,0,,,,0,,0,,,,Kamphaeng Phet,772,,549
13/07/2015,Sa Kaeo,Sa Kaeo,1,13.93786303,102.102454,Euc.sp,0,,,,0,,0,,,,Kanchanaburi,415,,145
13/07/2015,Sa Kaeo,Sa Kaeo,5,13.93811197,102.102101,Euc.sp,0,,,,0,,0,,,,Khon Kaen,6,,34
13/07/2015,Sa Kaeo,Sa Kaeo,5,13.93811197,102.102101,Euc.sp,0,,,,0,,0,,,,Lampang,,,
13/07/2015,Sa Kaeo,Sa Kaeo,6,13.94060399,102.103739,Euc.sp,0,,,,0,,0,,,,Mukdahan,,,
13/07/2015,Sa Kaeo,Sa Kaeo,6,13.94060399,102.103739,Euc.sp,1,,0,0,0,2,2,100.00,,,Nakhon Phanom,,,
13/07/2015,Sa Kaeo,Sa Kaeo,7,13.98077602,102.05089,Euc.sp,0,,,,0,,0,,,,Nakhon Ratchasima,26,0,69
13/07/2015,Sa Kaeo,Sa Kaeo,7,13.98077602,102.05089,Euc.sp,0,,,,0,,0,,,,Nakhon Ratchisma,19,,23
13/07/2015,Sa Kaeo,Sa Kaeo,8,13.98149796,102.050979,Euc.sp,0,,,,0,,0,,,,Nakhon Sawan,,,
13/07/2015,Sa Kaeo,Sa Kaeo,8,13.98149796,102.050979,Euc.sp,0,,,,0,,0,,,,Phetchaburi,0,,
13/07/2015,Sa Kaeo,Sa Kaeo,,14.50871497,101.956984,Euc.sp,1,x,,,0,,0,,,,Phichit,46,,6
14/07/2015,Nakhon Ratchisma,Nakhon Ratchisma,5,14.69325598,101.963523,Euc.sp,0,,,,0,,0,,,,Phitsanulok,4,,
14/07/2015,Nakhon Ratchisma,Nakhon Ratchisma,6,14.67966498,101.896292,Euc.sp,0,,,,0,,0,,,,Phrae,,,
14/07/2015,Nakhon Ratchisma,Nakhon Ratchisma,7,14.59262101,101.89095,Euc.sp,0,,,,0,,0,,,,Prachin Buri,67,0,56
14/07/2015,Nakhon Ratchisma,Nakhon Ratchisma,8,14.588607,101.892438,Euc.sp,0,,,,0,,0,,,,Prachuap Khiri Khan,,,
14/07/2015,Nakhon Ratchisma,Nakhon Ratchisma,9,14.582078,101.891718,Euc.sp,0,,,,0,,0,,,,Ratchaburi,786,,402
14/07/2015,Nakhon Ratchisma,Nakhon Ratchisma,,14.49321298,101.94274,Euc.sp,1,x,,,0,,0,,,,Rayong,20,,25
14/07/2015,Nakhon Ratchisma,Nakhon Ratchisma,,14.49436499,101.942288,Euc.sp,1,x,,,0,,0,,,,Roi Et,7,,1
14/07/2015,Nakhon Ratchisma,Nakhon Ratchisma,,14.49633398,101.94823,Euc.sp,1,x,,,0,,0,,,,Sa Kaeo,0,0,2
14/07/2015,Nakhon Ratchisma,Nakhon Ratchisma,,14.60302404,102.023504,Euc.sp,1,x,,,0,,0,,,,Sakon Nakhon,3,,10
14/07/2015,Sa Kaeo,Sa Kaeo,,13.93235302,101.577816,K8,1,x,,,0,,0,,,,Saraburi,,,
15/07/2015,Nakhon Ratchisma,Nakhon Ratchisma,2,14.58528701,102.048775,Euc.sp,0,,,,0,,0,,,,Sukhothai,6,1,9
15/07/2015,Nakhon Ratchisma,Nakhon Ratchisma,3,14.56360303,102.080336,Euc.sp,1,,4,,4,1,5,11.11,,,Suphan Buri,196,,122
15/07/2015,Saraburi,Saraburi,4,14.79811301,101.900756,Euc.sp,1,x,,,0,,0,,,,Surin,,,
15/07/2015,Saraburi,Saraburi,,14.80745204,101.869359,Euc.sp,0,,,,0,,0,,,,Tak,,,
15/07/2015,Saraburi,Saraburi,,14.66115799,101.460577,Euc.sp,0,,,,0,,0,,,,Uthai Thani,11,,19
15/07/2015,Saraburi,Saraburi,,14.53787302,101.109796,Euc.sp,0,,,,0,,0,,,,Uttaradit,14,,17
15/07/2015,Saraburi,Saraburi,,14.57373901,101.076016,Euc.sp,0,,,,0,,0,,,,(blank),,,
15/07/2015,Saraburi,Saraburi,,14.53202203,100.974174,Euc.sp,0,,,,0,,0,,,,Grand Total,2462,12,1636
12/09/2015,Uttaradit,Uttaradit,0,17.20286803,100.025059,Euc.sp,0,,,,0,,0,,,,,,,
12/09/2015,Uttaradit,Uttaradit,1,17.20123499,100.023533,Euc.sp,1,,1,,1,,1,0.00,,,,,,
12/09/2015,Uttaradit,Uttaradit,2,17.20923602,99.96214304,Euc.sp,1,,13,,13,17,30,39.53,,,,,,
13/09/2015,Nakhon Sawan,Nakhon Sawan,14,15.78065101,100.120985,Euc.sp,1,x,,,0,,0,,,,,,,
13/09/2015,Phichit,Phichit,10,16.54260901,100.148251,Euc.sp,0,,,,0,,0,,,,,,,
13/09/2015,Phichit,Phichit,11,16.535359,100.149469,Euc.sp,0,,,,0,,0,,,,,,,
13/09/2015,Phichit,Phichit,12,16.36766503,100.132208,Euc.sp,0,,,,0,,0,,,,,,,
13/09/2015,Phitsanulok,Phitsanulok,8,16.71255796,100.175018,Euc.sp,0,,,,0,,0,,,,,,,
13/09/2015,Sukhothai,Sukhothai,3,17.17366003,99.92381603,Euc.sp,1,x,,,0,,0,,,,,,,
13/09/2015,Sukhothai,Sukhothai,4,17.04120199,99.91223501,Euc.sp,1,,6,1,7,9,16,39.13,,,,,,
13/09/2015,Sukhothai,Sukhothai,5,16.96000599,99.959677,Euc.sp,0,,,,0,,0,,,,,,,
13/09/2015,Sukhothai,Sukhothai,6,16.959303,100.107609,Euc.sp,1,x,,,0,,0,,,,,,,
13/09/2015,Sukhothai,Sukhothai,7,16.92183103,100.181522,Euc.sp,0,,,,0,,0,,,,,,,
20/09/2015,Keangkoi,,1,14.62236679,101.0362863,Euc.sp,1,x,,,0,,0,,,,,,,
20/09/2015,Keangkoi,,2,14.6228376,101.0359707,Euc.sp,0,,,,0,,0,,,,,,,
20/09/2015,Keangkoi,,3,14.60432684,101.0417758,Euc.sp,0,,,,0,,0,,,,,,,
30/09/2015,Chonburi,Chonburi,001-1,12.70405702,101.078159,Euc.sp,1,,1,,1,6,7,75.00,,,,,,
30/09/2015,Chonburi,Chonburi,001-2,12.70662297,101.074452,Euc.sp,1,,,,0,1,1,100.00,,,,,,
30/09/2015,Chonburi,Chonburi,2,12.70336409,101.0778238,Euc.sp,1,x,,,0,,0,,,,,,,
30/09/2015,Chonburi,Chonburi,3,12.70637797,101.074627,Euc.sp,1,x,,,0,,0,,,,,,,
30/09/2015,Rayong,Rayong,4,12.76485231,99.70633498,Euc.sp,1,,13,,13,16,29,38.10,,,,,,
30/09/2015,Rayong,Rayong,5,12.76495339,99.70639416,Euc.sp,1,,7,,7,9,16,39.13,,,,,,
30/09/2015,Rayong,Rayong,6,12.69687164,101.0717766,Euc.sp,0,,,,0,,0,,,,,,,
30/09/2015,Rayong,Rayong,7,12.69130697,101.070594,Euc.sp,1,x,,,0,,0,,,,,,,
30/09/2015,Rayong,Rayong,8,12.69689301,101.071742,Euc.sp,0,,,,0,,0,,,,,,,
30/09/2015,Rayong,Rayong,9,12.692476,101.083026,Euc.sp,0,,,,0,,0,,,,,,,
30/09/2015,Rayong,Rayong,10,12.68551801,101.093843,Euc.sp,0,,,,0,,0,,,,,,,
30/09/2015,Rayong,Rayong,11,12.71757846,101.0896777,Euc.sp,0,,,,0,,0,,,,,,,
4/10/2015,Phetchburi,Phetchaburi,1,12.55651927,99.87141497,Euc.sp,1,x,,,0,,0,,,,,,,
4/10/2015,Phetchburi,Phetchaburi,2,12.75578435,99.7074999,Euc.sp,0,,,,0,,0,,,,,,,
4/10/2015,Phetchburi,Phetchaburi,3,12.77887372,99.70177053,Euc.sp,0,,,,0,,0,,,,,,,
4/10/2015,Phetchburi,Phetchaburi,4,12.76485231,99.70633498,Euc.sp,0,,,,0,,0,,,,,,,
4/10/2015,Phetchburi,Phetchaburi,5,12.76495339,99.70639416,Euc.sp,0,,,,0,,0,,,,,,,
4/10/2015,Phetchburi,Phetchaburi,6,12.74156252,99.69495915,Euc.sp,0,,,,0,,0,,,,,,,
4/10/2015,Phetchburi,Phetchaburi,7,12.74148591,99.69583548,Euc.sp,0,,,,0,,0,,,,,,,
4/10/2015,Phetchburi,Phetchaburi,8,12.76495599,99.70639701,Euc.sp,0,,,,0,,0,,,,,,,
4/11/2015,Uthaithani,Uthai Thani,1,15.38716625,99.74241815,Euc.sp,1,,,,0,5,5,100.00,,,,,,
4/11/2015,Uthaithani,Uthai Thani,2,15.38716625,99.74241815,Euc.sp,1,x,,,0,,0,,,,,,,
4/11/2015,Uthaithani,Uthai Thani,4,15.52840181,99.48958391,Euc.sp,1,x,,,0,,0,,,,,,,
6/11/2015,Nakhon Sawan,Nakhon Sawan,5,15.72780648,99.54679721,Euc.sp,0,,,,0,,0,,,,,,,
6/11/2015,Nakhon Sawan,Nakhon Sawan,6,15.94022194,99.46272661,Euc.sp,0,,,,0,,0,,,,,,,
6/11/2015,Nakhon Sawan,Nakhon Sawan,7,15.94698655,99.46154611,Euc.sp,0,,,,0,,0,,,,,,,
6/11/2015,Nakhon Sawan,Nakhon Sawan,8,15.95520879,99.45935035,Euc.sp,1,x,,,0,,0,,,,,,,
6/11/2015,Nakhon Sawan,Nakhon Sawan,9,15.96070749,99.45828827,Euc.sp,0,,,,0,,0,,,,,,,
6/11/2015,Tak,Tak,10,17.10430134,99.07585712,Euc.sp,1,x,,,0,,0,,,,,,,
14/11/2015,Ayutthaya,Ayutthaya,001-1,14.18390293,100.2912506,Euc.sp,1,x,,,0,,0,,spider,,,,,
14/11/2015,Ayutthaya,Ayutthaya,001-2,14.18390293,100.2912506,Euc.sp,1,x,,,0,,0,,,,,,,
14/11/2015,Ayutthaya,Ayutthaya,002-1,14.22990815,100.2724116,Euc.sp,1,x,,,0,,0,,,,,,,
14/11/2015,Ayutthaya,Ayutthaya,002-2,14.22990815,100.2724116,Euc.sp,1,,1,,1,,1,0.00,,,,,,
14/11/2015,Ayutthaya,Ayutthaya,002-3,14.22990815,100.2724116,Euc.sp,1,x,,,0,,0,,,,,,,
14/11/2015,Ayutthaya,Ayutthaya,002-4,14.22990815,100.2724116,Euc.sp,1,x,,,0,,0,,,,,,,
14/11/2015,Suphanburi,Suphan Buri,003-1,14.33581343,100.2005387,Euc.sp,1,,2,,2,4,6,50.00,,,,,,
14/11/2015,Suphanburi,Suphan Buri,003-2,14.33581343,100.2005387,Euc.sp,1,,1,,1,,1,0.00,,,,,,
14/11/2015,Suphanburi,Suphan Buri,003-3,14.33581343,100.2005387,Euc.sp,1,x,,,0,,0,,,,,,,
14/11/2015,Suphanburi,Suphan Buri,003-4,14.33581343,100.2005387,Euc.sp,1,x,,,0,,0,,,,,,,
14/11/2015,Suphanburi,Suphan Buri,004-1,14.63843733,99.92634324,Euc.sp,1,x,,,0,,0,,,,,,,
14/11/2015,Suphanburi,Suphan Buri,004-2,14.63843733,99.92634324,Euc.sp,1,,,,0,2,2,100.00,,,,,,
14/11/2015,Suphanburi,Suphan Buri,004-3,14.63843733,99.92634324,Euc.sp,1,x,,,0,,0,,,,,,,
14/11/2015,Suphanburi,Suphan Buri,004-4,14.63843733,99.92634324,Euc.sp,1,x,,,0,,0,,,,,,,
14/11/2015,Suphanburi,Suphan Buri,5,14.63669388,99.88174853,Euc.sp,0,,,,0,,0,,,,,,,
14/11/2015,Suphanburi,Suphan Buri,6,14.67340331,99.85384924,Euc.sp,0,,,,0,,0,,,,,,,
14/11/2015,Suphanburi,Suphan Buri,7,14.70210262,99.84025149,Euc.sp,0,,,,0,,0,,,,,,,
14/11/2015,Suphanburi,Suphan Buri,8,14.72468927,99.8217134,Euc.sp,0,,,,0,,0,,,,,,,
14/11/2015,Suphanburi,Suphan Buri,9,14.72850744,99.81574544,Euc.sp,0,,,,0,,0,,,,,,,
14/11/2015,Suphanburi,Suphan Buri,010-1,14.81364551,99.620612,Euc.sp,1,x,,,0,,0,,,,,,,
14/11/2015,Suphanburi,Suphan Buri,010-2,14.81364551,99.620612,Euc.sp,1,,1,,1,1,2,33.33,,,,,,
14/11/2015,Suphanburi,Suphan Buri,010-3,14.81364551,99.620612,Euc.sp,1,,3,,3,,3,0.00,,,,,,
14/11/2015,Suphanburi,Suphan Buri,010-4,14.81364551,99.620612,Euc.sp,1,,1,,1,11,12,84.62,,,,,,
14/11/2015,Suphanburi,Suphan Buri,010-5,14.81364551,99.620612,Euc.sp,1,,,,0,1,1,100.00,,,,,,
14/11/2015,Suphanburi,Suphan Buri,11,14.77071891,99.56802137,Euc.sp,0,,,,0,,0,,,,,,,
14/11/2015,Suphanburi,Suphan Buri,12,14.72600162,99.53786292,Euc.sp,0,,,,0,,0,,,,,,,
14/11/2015,Suphanburi,Suphan Buri,13,14.71732796,99.52348978,Euc.sp,0,,,,0,,0,,,,,,,
14/11/2015,Suphanburi,Suphan Buri,14,14.71864029,99.51480741,Euc.sp,0,,,,0,,0,,,,,,,
14/11/2015,Suphanburi,Suphan Buri,15,14.71695964,99.51435758,Euc.sp,0,,,,0,,0,,,,,,,
15/11/2015,Kanchanaburi,Kanchanaburi,4,14.61312868,99.58073384,Euc.sp,0,,,,0,,0,,,,,,,
15/11/2015,Kanchanaburi,Kanchanaburi,5,14.61020576,99.58540563,Euc.sp,0,,,,0,,0,,,,,,,
15/11/2015,Kanchanaburi,Kanchanaburi,6,14.60741931,99.58970628,Euc.sp,0,,,,0,,0,,,,,,,
15/11/2015,Kanchanaburi,Kanchanaburi,7,14.602802,99.60280343,Euc.sp,0,,,,0,,0,,,,,,,
15/11/2015,Kanchanaburi,Kanchanaburi,8,14.59706806,99.62077103,Euc.sp,0,,,,0,,0,,,,,,,
15/11/2015,Kanchanaburi,Kanchanaburi,9,14.59601688,99.62167792,Euc.sp,0,,,,0,,0,,,,,,,
15/11/2015,Kanchanaburi,Kanchanaburi,10,14.49039769,99.72895049,Euc.sp,0,,,,0,,0,,,,,,,
15/11/2015,Kanchanaburi,Kanchanaburi,011-1,14.50117419,99.73774589,Euc.sp,0,,,,0,,0,,,,,,,
15/11/2015,Kanchanaburi,Kanchanaburi,011-2,14.50117419,99.73774589,Euc.sp,0,,,,0,,0,,,,,,,
15/11/2015,Kanchanaburi,Kanchanaburi,12,14.49601466,99.73683797,Euc.sp,0,,,,0,,0,,,,,,,
15/11/2015,Kanchanaburi,Kanchanaburi,13,14.49849654,99.74110557,Euc.sp,0,,,,0,,0,,,,,,,
15/11/2015,Kanchanaburi,Kanchanaburi,14,14.50097576,99.73759675,Euc.sp,0,,,,0,,0,,,,,,,
15/11/2015,Kanchanaburi,Kanchanaburi,15,14.49235203,99.7196681,Euc.sp,0,,,,0,,0,,,,,,,
15/11/2015,Kanchanaburi,Kanchanaburi,16,14.38465915,99.73601712,Euc.sp,0,,,,0,,0,,,,,,,
15/11/2015,Kanchanaburi,Kanchanaburi,17,14.3573318,99.7289445,Euc.sp,0,,,,0,,0,,,,,,,
15/11/2015,Kanchanaburi,Kanchanaburi,18,14.35303339,99.73896475,Euc.sp,0,,,,0,,0,,,,,,,
15/11/2015,Suphanburi,Suphan Buri,001-1,14.60482407,99.50510852,Euc.sp,1,x,,,0,,0,,,,,,,
15/11/2015,Suphanburi,Suphan Buri,2,14.59981032,99.50737173,Euc.sp,0,,,,0,,0,,,,,,,
15/11/2015,Suphanburi,Suphan Buri,003-1,14.59992723,99.51180062,Euc.sp,1,x,,,0,7,7,100.00,1 x unknown wasp ,,,,,
15/11/2015,Suphanburi,Suphan Buri,003-2,14.59992723,99.51180062,Euc.sp,1,x,,,0,,0,,,,,,,
11/12/2015,Prachuab Khirikhan,Prachuap Khiri Khan,1,11.79767322,99.77654248,Euc.sp,0,,,,0,,0,,,,,,,
11/12/2015,Prachuab Khirikhan,Prachuap Khiri Khan,2,11.62239723,99.68853903,Euc.sp,0,,,,0,,0,,,,,,,
11/12/2015,Prachuab Khirikhan,Prachuap Khiri Khan,3,11.62250712,99.68828028,Euc.sp,0,,,,0,,0,,,,,,,
11/12/2015,Prachuab Khirikhan,Prachuap Khiri Khan,4,11.7848448,99.75569316,Euc.sp,0,,,,0,,0,,,,,,,
12/12/2015,Phetchburi,Phetchaburi,1,12.55651927,99.87141497,Euc.sp,1,,X,,,,0,,,,,,,
12/12/2015,Phetchburi,Phetchaburi,2,12.56930117,99.86782501,Euc.sp,0,,,,0,,0,,,,,,,
12/12/2015,Phetchburi,Phetchaburi,3,12.73363332,99.92761815,Euc.sp,0,,,,0,,0,,,,,,,
13/12/2015,Ratchaburi,Ratchaburi,001 G1,13.64912407,99.462433,Euc.sp,1,,3,,3,,3,0.00,,,,,,
13/12/2015,Ratchaburi,Ratchaburi,001 G2,13.64912407,99.462433,Euc.sp,1,,,,0,,0,,1 x psyllid,,,,,
13/12/2015,Ratchaburi,Ratchaburi,001 G3,13.64912407,99.462433,Euc.sp,1,,,,0,1,1,100.00,,,,,,
13/12/2015,Ratchaburi,Ratchaburi,001 G4,13.64912407,99.462433,Euc.sp,1,,1,,1,1,2,33.33,,,,,,
13/12/2015,Ratchaburi,Ratchaburi,001 G5,13.64912407,99.462433,Euc.sp,1,,2,,2,1,3,20.00,,,,,,
13/12/2015,Ratchaburi,Ratchaburi,001 G6,13.64912407,99.462433,Euc.sp,1,,778,,778,399,1177,20.41,"2 x beetle, 42 x thrips, 1 x unknown wasp",,,,,
13/12/2015,Ratchaburi,Ratchaburi,001 G7,13.64912407,99.462433,Euc.sp,1,,2,,2,,2,0.00,,,,,,
13/12/2015,Ratchaburi,Ratchaburi,001 G8,13.64912407,99.462433,Euc.sp,1,,X,,,,0,,,,,,,
13/12/2015,Ratchaburi,Ratchaburi,001 G9,13.64912407,99.462433,Euc.sp,1,,X,,,,0,,,,,,,
13/12/2015,Ratchaburi,Ratchaburi,2,13.64929623,99.46256384,Euc.sp,1,,,,0,,0,,1 x mymaridae,,,,,
13/12/2015,Ratchaburi,Ratchaburi,3,13.5387168,99.55537381,Euc.sp,0,,,,0,,0,,,,,,,
13/12/2015,Ratchaburi,Ratchaburi,4,13.54209789,99.55324053,Euc.sp,0,,,,0,,0,,,,,,,
13/12/2015,Ratchaburi,Ratchaburi,5,13.61736411,99.41449966,Euc.sp,0,,,,0,,0,,,,,,,
13/12/2015,Ratchaburi,Ratchaburi,6,13.61793132,99.4293073,Euc.sp,0,,,,0,,0,,,,,,,
13/12/2015,Ratchaburi,Ratchaburi,7,13.63744573,99.46250894,Euc.sp,0,,,,0,,0,,,,,,,
13/12/2015,Ratchaburi,Ratchaburi,8,13.65439025,99.45824356,Euc.sp,0,,,,0,,0,,,,,,,
13/12/2015,Ratchaburi,Ratchaburi,9,13.65449343,99.45821833,Euc.sp,0,,,,0,,0,,,,,,,
13/12/2015,Ratchaburi,Ratchaburi,10,13.64283219,99.54013132,Euc.sp,0,,,,0,,0,,,,,,,
13/12/2015,Ratchaburi,Ratchaburi,11,13.64285599,99.540076,Euc.sp,0,,,,0,,0,,,,,,,
13/12/2015,Ratchaburi,Ratchaburi,12,13.64295381,99.5398791,Euc.sp,0,,,,0,,0,,,,,,,
13/12/2015,Ratchaburi,Ratchaburi,13,13.58476714,99.71294797,Euc.sp,0,,,,0,,0,,,,,,,
13/12/2015,Ratchaburi,Ratchaburi,14,13.58445198,99.71281503,Euc.sp,0,,,,0,,0,,,,,,,
5/01/2016,Tak,Tak,1,16.98428978,99.11996938,Euc.sp,0,,,,0,,0,,,,,,,
5/01/2016,Tak,Tak,002-1,17.06135688,99.07013533,Euc.sp,1,x,,,0,,0,,,,,,,
5/01/2016,Tak,Tak,002-2,17.06135688,99.07013533,Euc.sp,1,x,,,0,,0,,,,,,,
5/01/2016,Tak,Tak,002-3,17.06135688,99.07013533,Euc.sp,1,x,,,0,,0,,,,,,,
5/01/2016,Tak,Tak,002-4,17.06135688,99.07013533,Euc.sp,1,x,,,0,,0,,,,,,,
5/01/2016,Tak,Tak,002-5,17.06135688,99.07013533,Euc.sp,1,x,,,0,,0,,,,,,,
5/01/2016,Tak,Tak,3,17.06135688,99.07013533,Euc.sp,0,,,,0,,0,,,,,,,
5/01/2016,Tak,Tak,4,17.21088004,99.12250344,Euc.sp,0,,,,0,,0,,,,,,,
7/01/2016,Phrae,Phrae,1,17.80925508,99.72705531,Euc.sp,0,,,,0,,0,,,,,,,
8/01/2016,Kamphaeng Phet,Kamphaeng Phet,1,16.97302073,99.52073236,Euc.sp,0,,,,0,,0,,,,,,,
8/01/2016,Kamphaeng Phet,Kamphaeng Phet,2,16.96202393,99.51201402,Euc.sp,0,,,,0,,0,,,,,,,
8/01/2016,Kamphaeng Phet,Kamphaeng Phet,3,16.94963292,99.52199218,Euc.sp,0,,,,0,,0,,,,,,,
8/01/2016,Kamphaeng Phet,Kamphaeng Phet,4,16.97726406,99.52273543,Euc.sp,0,,,,0,,0,,,,,,,
8/01/2016,Kamphaeng Phet,Kamphaeng Phet,5,16.97732381,99.524107,Euc.sp,0,,,,0,,0,,,,,,,
9/01/2016,Kamphaeng Phet,Kamphaeng Phet,1,16.98413676,99.53898651,Euc.sp,0,,,,0,,0,,,,,,,
9/01/2016,Kamphaeng Phet,Kamphaeng Phet,2,16.72924831,99.60022591,Euc.sp,0,,,,0,,0,,,,,,,
9/01/2016,Kamphaeng Phet,Kamphaeng Phet,003-1,16.71932297,99.61258635,Euc.sp,1,,6,,6,5,11,29.41,3 x thrips,,,,,
9/01/2016,Kamphaeng Phet,Kamphaeng Phet,003-2,16.71932297,99.61258635,Euc.sp,1,,3,,3,10,13,62.50,3 x thrips,,,,,
9/01/2016,Kamphaeng Phet,Kamphaeng Phet,003-3,16.71932297,99.61258635,Euc.sp,1,,1,,1,3,4,,,,,,,
9/01/2016,Kamphaeng Phet,Kamphaeng Phet,003-4,16.71932297,99.61258635,Euc.sp,1,,5,,5,4,9,28.57,2 x thrips,,,,,
9/01/2016,Kamphaeng Phet,Kamphaeng Phet,003-5,16.71932297,99.61258635,Euc.sp,1,,,,0,,0,,7 x thrips,,,,,
9/01/2016,Kamphaeng Phet,Kamphaeng Phet,003-6,16.71932297,99.61258635,Euc.sp,1,x,,,0,1,1,,,,,,,
9/01/2016,Kamphaeng Phet,Kamphaeng Phet,003-7,16.71932297,99.61258635,Euc.sp,1,,28,,28,38,66,40.43,1 x thrips,,,,,
9/01/2016,Kamphaeng Phet,Kamphaeng Phet,003-8,16.71932297,99.61258635,Euc.sp,1,,8,,8,11,19,40.74,2 x unknown wasps,,,,,
9/01/2016,Kamphaeng Phet,Kamphaeng Phet,003-9,16.71932297,99.61258635,Euc.sp,1,,69,,69,18,87,11.54,25 x thrips,,,,,
9/01/2016,Kamphaeng Phet,Kamphaeng Phet,003-10,16.71932297,99.61258635,Euc.sp,1,,28,,28,47,75,45.63,9 x thrips 10 x psyllids,,,,,
9/01/2016,Kamphaeng Phet,Kamphaeng Phet,4,16.71932297,99.61258635,Euc.sp,1,x,,,0,,0,,,,,,,
9/01/2016,Kamphaeng Phet,Kamphaeng Phet,005-1,16.71548845,99.61624177,Euc.sp,1,,174,,174,122,296,25.96,"42  x thrips, 4 x beetle",,,,,
9/01/2016,Kamphaeng Phet,Kamphaeng Phet,005-2,16.71548845,99.61624177,Euc.sp,1,x,,,0,,0,,,,,,,
9/01/2016,Kamphaeng Phet,Kamphaeng Phet,005-3,16.71548845,99.61624177,Euc.sp,1,,217,,217,137,354,23.99,"15 x thrips, 1 x spider",,,,,
9/01/2016,Kamphaeng Phet,Kamphaeng Phet,005-4,16.71548845,99.61624177,Euc.sp,1,x,,,0,,0,,,,,,,
9/01/2016,Kamphaeng Phet,Kamphaeng Phet,005-5,16.71548845,99.61624177,Euc.sp,1,x,,,0,,0,,,,,,,
9/01/2016,Kamphaeng Phet,Kamphaeng Phet,005-6,16.71548845,99.61624177,Euc.sp,1,x,,,0,,0,,,,,,,
9/01/2016,Kamphaeng Phet,Kamphaeng Phet,005-7,16.71548845,99.61624177,Euc.sp,1,x,,,0,,0,,,,,,,
9/01/2016,Kamphaeng Phet,Kamphaeng Phet,005-8,16.71548845,99.61624177,Euc.sp,1,,233,,233,153,386,24.72,"30 x thrips, spider",,,,,
9/01/2016,Kamphaeng Phet,Kamphaeng Phet,005-9,16.71548845,99.61624177,Euc.sp,1,x,,,0,,0,,,,,,,
28/01/2016,Chonburi,Chonburi,5,12.7154565,100.9876714,k7,0,,,,0,,0,,,,,,,
28/01/2016,Chonburi,Chonburi,6,12.71428705,101.0721767,k7,0,,,,0,,0,,,,,,,
28/01/2016,Rayong,Rayong,1,12.70657553,101.0744651,k7,1,,,,0,,0,,,,,,,
28/01/2016,Rayong,Rayong,2,12.70391344,101.0781064,k7,1,,,,0,,0,,,,,,,
28/01/2016,Rayong,Rayong,3,12.69126532,101.0706294,k7,1,,,,0,,0,,,,,,,
28/01/2016,Rayong,Rayong,4,13.25958333,101.1365195,k7,1,,,,0,,0,,,,,,,
16/03/2016,Saraburi,Saraburi,1,14.62236679,101.0302863,Euc.sp,1,x,,,0,,0,,,,,,,
21/03/2016,Mukdahan,Mukdahan,,16.80815298,104.700144,Euc.sp,0,,,,0,,0,,,,,,,
21/03/2016,Nakhonpanom,Nakhon Phanom,,16.88629797,104.681194,Euc.sp,0,,,,0,,0,,,,,,,
21/03/2016,Sakonnakon,Sakon Nakhon,,17.53701797,103.973332,Euc.sp,0,,,,0,,0,,,,,,,
21/03/2016,Sakonnakon,Sakon Nakhon,,17.02042602,104.331138,Euc.sp,0,,,,0,,0,,,,,,,
21/03/2016,Sakonnakon,Sakon Nakhon,,17.67647096,103.762858,Euc.sp,1,X,,,0,,0,,,,,,,
21/03/2016,Sakonnakon,Sakon Nakhon,,17.57643102,103.853667,Euc.sp,0,,,,0,,0,,,,,,,
21/03/2016,Sakonnakon,Sakon Nakhon,,17.66530802,103.787034,Euc.sp,0,,,,0,,0,,,,,,,
21/03/2016,Sakonnakon,Sakon Nakhon,,17.691694,103.805765,Euc.sp,0,,3,,3,10,13,62.50,,,,,,
22/04/2016,Ratchaburi,Ratchaburi,,13.64912407,99.462433,Euc.sp,1,,,,0,,0,,,,,,,
22/04/2016,Ratchaburi,Ratchaburi,,13.61736411,99.41449966,Euc.sp,0,,,,0,,0,,,,,,,
22/04/2016,Ratchaburi,Ratchaburi,,13.58476714,99.71294797,Euc.sp,0,,,,0,,0,,,,,,,
10/06/2016,Kalasin,Kalasin,,16.25918702,103.58483,Euc.sp,1,x,,,0,,0,,,,,,,
10/06/2016,Kalasin,Kalasin,,16.466818,103.275003,Euc.sp,1,,1,,1,,1,0.00,,,,,,
10/06/2016,Kalasin,Kalasin,,16.46101596,103.275644,Euc.sp,0,,,,0,,0,,,,,,,
10/06/2016,Kalasin,Kalasin,,16.42235099,103.294353,Euc.sp,0,,,,0,,0,,,,,,,
10/06/2016,Kalasin,Kalasin,,16.42253498,103.293637,Euc.sp,1,,4,5,9,,9,0.00,,,,,,
10/06/2016,Kalasin,Kalasin,,16.37427198,103.378636,Euc.sp,1,,3,6,9,,9,0.00,,,,,,
10/06/2016,Khon Kaen,Khon Kaen,,15.72388398,102.591854,Euc.sp,0,,,,0,,0,,,,,,,
10/06/2016,Khon Kaen,Khon Kaen,,16.68936498,102.701799,Euc.sp,1,,6,,6,34,40,73.91,,,,,,
10/06/2016,Nakhon Ratchasima,Nakhon Ratchasima,,15.38378,102.4634,k7,1,,6,0,6,14,20,53.85,,,,,,
10/06/2016,Nakhon Ratchasima,Nakhon Ratchasima,,15.38374099,102.463589,Euc.sp,1,,20,,20,55,75,57.89,,,,,,
10/06/2016,Nakhon Ratchasima,Nakhon Ratchasima,,15.12433601,102.294508,Euc.sp,1,x,,,0,,0,,,,,,,
11/06/2016,Buriram,Buriram,,14.61986002,102.891019,Euc.sp,1,,1,,1,,1,0.00,,,,,,
11/06/2016,Buriram,Buriram,,14.61982003,102.891053,Euc.sp,1,,2,,2,7,9,63.64,,,,,,
11/06/2016,Buriram,Buriram,,14.65867602,102.627755,Euc.sp,1,x,,,0,,0,,,,,,,
11/06/2016,Buriram,Buriram,,14.61217004,103.159743,Euc.sp,0,,,,0,,0,,,,,,,
11/06/2016,Nakhon Ratchasima,Nakhon Ratchasima,,14.76106097,102.294013,k7,1,x,,,0,,0,,,,,,,
11/06/2016,Nakhon Ratchasima,Nakhon Ratchasima,,14.76107497,102.293937,Euc.sp,1,x,,,0,,0,,,,,,,
11/06/2016,Roi et,Roi Et,,15.98101697,103.67573,Euc.sp,0,,,,0,,0,,,,,,,
11/06/2016,Roi et,Roi Et,,15.93958003,103.693249,Euc.sp,1,x,,,0,,0,,,,,,,
11/06/2016,Roi et,Roi Et,,15.75329,103.7411,k7,1,x,,,0,,0,,,,,,,
11/06/2016,Roi et,Roi Et,,15.47416,103.7732,Euc.sp,0,,,,0,,0,,,,,,,
11/06/2016,Roi et,Roi Et,,15.65133803,103.777918,Euc.sp,0,,,,0,,0,,,,,,,
11/06/2016,Roi et,Roi Et,,15.54346997,103.807887,Euc.sp,1,,7,,7,1,8,6.67,,,,,,
11/06/2016,Roi et,Roi Et,,15.47415197,103.773032,Euc.sp,1,x,,,0,,0,,,,,,,
11/06/2016,Surin,Surin,,15.05890704,103.574243,Euc.sp,0,,,,0,,0,,,,,,,
11/06/2016,Surin,Surin,,14.76541897,103.432529,Euc.sp,0,,,,0,,0,,,,,,,
11/06/2016,Surin,Surin,,14.61751602,103.361818,Euc.sp,0,,,,0,,0,,,,,,,
11/06/2016,Surin,Surin,,14.61768,103.3613,Euc.sp,0,,,,0,,0,,,,,,,
16/10/2016,Nakhon Ratchisma,Nakhon Ratchisma,1,14.4386862,101.8867125,Euc.sp,0,,,,0,,0,,,,,,,
16/10/2016,Nakhon Ratchisma,Nakhon Ratchisma,2,14.8448863,101.748078,Euc.sp,1,,1,,1,,1,0.00,,,,,,
16/10/2016,Nakhon Ratchisma,Nakhon Ratchisma,3,14.843503,101.7474384,Euc.sp,1,,8,,8,21,29,56.76,,,,,,
16/10/2016,Nakhon Ratchisma,Nakhon Ratchisma,4,14.8020491,101.88882,Euc.sp,1,x,,,0,,0,,,,,,,
16/10/2016,Nakhon Ratchisma,Nakhon Ratchisma,5,14.789133,101.9346704,Euc.sp,1,,6,,6,1,7,7.69,,,,,,
20/10/2016,Ratchaburi,Ratchaburi,1,13.84597398,100.566347,Euc.sp,0,,,,0,,0,,,,,,,
20/10/2016,Ratchaburi,Ratchaburi,2,13.59263096,99.51078996,Euc.sp,0,,,,0,,0,,,,,,,
20/10/2016,Ratchaburi,Ratchaburi,3,13.58968698,99.49745804,Euc.sp,0,,,,0,,0,,,,,,,
20/10/2016,Ratchaburi,Ratchaburi,4,13.56230004,99.43794804,Euc.sp,0,,,,0,,0,,,,,,,
20/10/2016,Ratchaburi,Ratchaburi,5,13.57296702,99.43349297,Euc.sp,0,,,,0,,0,,,,,,,
20/10/2016,Ratchaburi,Ratchaburi,6,13.57524002,99.43338099,Euc.sp,0,,,,0,,0,,,,,,,
20/10/2016,Ratchaburi,Ratchaburi,7,13.59171901,99.42730403,Euc.sp,0,,,,0,,0,,,,,,,
20/10/2016,Ratchaburi,Ratchaburi,8,13.61740602,99.41436497,Euc.sp,0,,,,0,,0,,,,,,,
21/10/2016,,Nakhon Sawan,1,15.95151803,100.114873,Euc.sp,1,x,,,0,,0,,,,,,,
21/10/2016,,Nakhon Sawan,2,15.95502603,100.114979,Euc.sp,0,,,,0,,0,,,,,,,
21/10/2016,,Phichit,3,16.07932596,100.122227,Euc.sp,1,,37,,37,,37,0.00,,,,,,
21/10/2016,,Phichit,4,16.14831498,100.125138,Euc.sp,0,,,,0,,0,,,,,,,
21/10/2016,,Phichit,5,16.16446003,100.126017,Euc.sp,0,,,,0,,0,,,,,,,
21/10/2016,,Phichit,6,16.16450001,100.125777,Euc.sp,1,,6,,6,6,12,33.33,,,,,,
21/10/2016,,Phichit,7,16.38241399,100.133831,Euc.sp,0,,,,0,,0,,,,,,,
21/10/2016,,Phichit,8,16.58700996,100.144816,Euc.sp,1,,3,,3,,3,0.00,,,,,,
21/10/2016,,Phitsanulok,9,16.65039198,100.150197,Euc.sp,1,,4,,4,,4,0.00,,,,,,
21/10/2016,,Phitsanulok,10,16.752185,100.186627,Euc.sp,0,,,,0,,0,,,,,,,
22/10/2016,Lampang,Lampang,21,18.09076496,99.64779804,Euc.sp,0,,,,0,,0,,,,,,,
22/10/2016,Lampang,Lampang,22,18.10168901,99.64112998,Euc.sp,0,,,,0,,0,,,,,,,
22/10/2016,Phitsanulok,Phitsanulok,12,17.009277,100.321239,Euc.sp,1,x,,,0,,0,,,,,,,
22/10/2016,Phitsanulok,Phitsanulok,16,17.34000896,100.232732,Euc.sp,1,x,,,0,,0,,,,,,,
22/10/2016,Uttaradit,Uttaradit,17,17.43475297,100.227563,Euc.sp,1,x,,,0,,0,,,,,,,
22/10/2016,Uttaradit,Uttaradit,18,17.45181299,100.235746,Euc.sp,0,,,,0,,0,,,,,,,
22/10/2016,Uttaradit,Uttaradit,19,17.50044596,100.229708,Euc.sp,1,x,,,0,,0,,,,,,,
22/10/2016,Uttaradit,Uttaradit,20,17.563441,100.145333,Euc.sp,0,,,,0,,0,,,,,,,
22/10/2016,,Phitsanulok,11,16.82331501,100.307087,Euc.sp,0,,,,0,,0,,,,,,,
22/10/2016,,Phitsanulok,13,17.09541002,100.310138,Euc.sp,0,,,,0,,0,,,,,,,
22/10/2016,,Phitsanulok,14,17.20600102,100.261756,Euc.sp,0,,,,0,,0,,,,,,,
22/10/2016,,Uttaradit,15,17.33779798,100.232299,Euc.sp,0,,,,0,,0,,,,,,,
19/11/2016,Chachoengsao,Chachoengsao,1,13.66594403,101.224466,Euc.sp,1,,,,0,4,4,100.00,2,,,,,
19/11/2016,Chachoengsao,Chachoengsao,2,13.584814,101.27661,Euc.sp,0,,,,0,,0,,,,,,,
19/11/2016,Chachoengsao,Chachoengsao,3,13.58242298,101.274478,Euc.sp,1,,,,0,3,3,100.00,1,,,,,
19/11/2016,Chachoengsao,Chachoengsao,4,13.65563404,101.364519,Euc.sp,1,x,,,0,,0,,,,,,,
19/11/2016,Chachoengsao,Chachoengsao,5,13.748933,101.49277,Euc.sp,1,,32,,32,105,137,62.13,,,,,,
19/11/2016,Prachinburi,Prachin Buri,6,14.12768598,101.865403,Euc.sp,0,,,,0,,0,,,,,,,
19/11/2016,Prachinburi,Prachin Buri,7,14.20630303,101.904591,Euc.sp,0,,,,0,,0,,,,,,,
19/11/2016,Prachinburi,Prachin Buri,8,14.21816401,101.897631,Euc.sp,0,,,,0,,0,,,,,,,
19/11/2016,Prachinburi,Prachin Buri,9,14.22602498,101.891911,Euc.sp,1,,,,0,,0,,1,,,,,
20/11/2016,Nakhonratchasima,Nakhon Ratchisma,10,14.38057001,101.869593,Euc.sp,0,,,,0,,0,,,,,,,
20/11/2016,Nakhonratchasima,Nakhon Ratchisma,11,14.49578497,101.944696,Euc.sp,0,,,,0,,0,,,,,,,
20/11/2016,Nakhonratchasima,Nakhon Ratchisma,12,14.49518901,101.94421,Euc.sp,0,,,,0,,0,,,,,,,
20/11/2016,Nakhonratchasima,Nakhon Ratchisma,13,14.39242898,101.786432,Euc.sp,0,,,,0,,0,,,,,,,
20/11/2016,Nakhonratchasima,Nakhon Ratchisma,14,14.48007996,101.624089,Euc.sp,1,x,,,0,,0,,,,,,,
20/11/2016,Saraburi,Saraburi,15,14.53165499,100.974276,Euc.sp,0,,,,0,,0,,,,,,,
20/11/2016,Saraburi,Saraburi,16,14.52465199,100.979738,Euc.sp,1,x,,,0,,0,,,,,,,
20/11/2016,Saraburi,Saraburi,17,14.52508399,100.981931,Euc.sp,0,,,,0,,0,,,,,,,
26/11/2016,Chainat,Chainat,2,14.96441813,99.97320986,Euc.sp,0,,,,0,,0,,,,,,,
26/11/2016,Chainat,Chainat,3,14.95316282,99.9164844,Euc.sp,1,,2,,2,,2,0.00,,,,,,
26/11/2016,Chainat,Chainat,4,14.95536125,99.89556228,Euc.sp,1,,3,,3,,3,0.00,,,,,,
26/11/2016,Chainat,Chainat,5,14.95972035,99.86464265,Euc.sp,1,,3,,3,4,7,40.00,,,,,,
26/11/2016,Chainat,Chainat,6,14.95988185,99.86257892,Euc.sp,1,,,,0,3,3,100.00,,,,,,
26/11/2016,Chainat,Chainat,7,14.97253723,99.83863657,Euc.sp,1,,11,,11,14,25,38.89,3,,,,,
26/11/2016,Kanchanaburi,Kanchanaburi,15,14.6575315,99.44919264,Euc.sp,1,x,,,0,,0,,,,,,,
26/11/2016,Supanburi,Suphan Buri,1,14.52517489,100.9819053,Euc.sp,1,x,,,0,,0,,,,,,,
26/11/2016,Supanburi,Suphan Buri,11,14.81335818,99.61987702,Euc.sp,1,,122,,122,14,136,5.43,,,,,,
26/11/2016,Supanburi,Suphan Buri,12,14.81495112,99.62258588,Euc.sp,1,x,,,0,,0,,,,,,,
26/11/2016,Supanburi,Suphan Buri,13,14.72892857,99.5427472,Euc.sp,1,x,,,0,,0,,,,,,,
26/11/2016,Supanburi,Suphan Buri,14,14.72247277,99.53124947,Euc.sp,1,,66,,66,82,148,38.32,,,,,,
26/11/2016,Uthaitani,Uthai Thani,8,15.06210825,99.7753684,Euc.sp,1,,6,,6,1,7,7.69,,,,,,
26/11/2016,Uthaitani,Uthai Thani,9,15.08171496,99.73529042,Euc.sp,1,,5,,5,13,18,56.52,,,,,,
26/11/2016,Uthaitani,Uthai Thani,10,15.10294631,99.6968014,Euc.sp,1,x,,,0,,0,,,,,,,
27/11/2016,Kanchanaburi,Kanchanaburi,16,14.59283812,99.47360825,Euc.sp,0,,,,0,,0,,,,,,,
27/11/2016,Kanchanaburi,Kanchanaburi,17,14.56297632,99.47282968,Euc.sp,1,,,,0,1,1,100.00,,,,,,
27/11/2016,Kanchanaburi,Kanchanaburi,18,14.4752395,99.47717161,Euc.sp,1,,11,,11,8,19,26.67,1,,,,,
27/11/2016,Kanchanaburi,Kanchanaburi,19,14.37418747,99.53467447,Euc.sp,1,x,,,0,,0,,,,,,,
27/11/2016,Kanchanaburi,Kanchanaburi,20,14.37260853,99.53721202,Euc.sp,0,,,,0,,0,,,,,,,
27/11/2016,Kanchanaburi,Kanchanaburi,21,14.35953386,99.57233029,Euc.sp,1,x,,,0,,0,,,,,,,
27/11/2016,Kanchanaburi,Kanchanaburi,22,14.36000257,99.57292503,Euc.sp,1,,3,,3,,3,0.00,,,,,,
27/11/2016,Kanchanaburi,Kanchanaburi,23,14.35546901,99.58560042,Euc.sp,0,,,,0,,0,,,,,,,
27/11/2016,Kanchanaburi,Kanchanaburi,24,14.32808043,99.65897046,Euc.sp,1,,356,,356,108,464,13.17,2,,,,,
27/11/2016,Kanchanaburi,Kanchanaburi,25,14.32914237,99.67041625,Euc.sp,1,,45,,45,28,73,23.73,,,,,,
27/11/2016,Kanchanaburi,Kanchanaburi,26,14.33047105,99.69568878,Euc.sp,1,x,,,0,,0,,,,,,,
27/11/2016,Nakhonpatom,Nakhon Phanom,28,14.15918008,100.1950468,Euc.sp,1,x,,,0,,0,,,,,,,
27/11/2016,Supanburi,Suphan Buri,27,14.25442516,100.0052115,Euc.sp,0,,,,0,,0,,,,,,,
31/03/2017,Supanburi,Supanburi,1,14.50996359,99.97298498,Euc.sp,1,,,,0,9,9,100.00,,,,,,
31/03/2017,Supanburi,Supanburi,2,14.50991276,99.96997813,Euc.sp,1,,,,0,2,2,100.00,,,,,,
31/03/2017,Supanburi,Supanburi,2,14.50991276,99.96997813,Euc.sp,0,,,,0,,0,,,,,,,
31/03/2017,Kanchanaburi,Kanchanaburi,3,14.58407529,99.96997813,Euc.sp,1,,3,,3,5,8,45.45,,,,,,
31/03/2017,Kanchanaburi,Kanchanaburi,4,14.58063082,99.82546548,Euc.sp,0,,,,0,,0,,,,,,,
31/03/2017,Kanchanaburi,Kanchanaburi,5,14.58818285,99.77442589,Euc.sp,0,,,,0,,0,,,,,,,
31/03/2017,Kanchanaburi,Kanchanaburi,6,14.58995333,99.77215762,Euc.sp,1,x,,,0,,0,,,,,,,
31/03/2017,Kanchanaburi,Kanchanaburi,7,14.57089893,99.75999589,Euc.sp,0,,,,0,,0,,,,,,,
31/03/2017,Kanchanaburi,Kanchanaburi,8,14.56754104,99.75276255,Euc.sp,1,x,,,0,,0,,,,,,,
31/03/2017,Kanchanaburi,Kanchanaburi,9,14.5566133,99.73484808,Euc.sp,0,,,,0,,0,,,,,,,
31/03/2017,Kanchanaburi,Kanchanaburi,10,14.57272616,99.71082172,Euc.sp,0,,,,0,,0,,,,,,,
31/03/2017,Kanchanaburi,Kanchanaburi,11,14.57511106,99.699467,Euc.sp,0,,,,0,,0,,,,,,,
31/03/2017,Kanchanaburi,Kanchanaburi,11,14.57511106,99.699467,Euc.sp,0,,,,0,,0,,,,,,,
31/03/2017,Kanchanaburi,Kanchanaburi,12,14.57704824,99.69562991,Euc.sp,0,,,,0,,0,,,,,,,
31/03/2017,Kanchanaburi,Kanchanaburi,13,14.58062602,99.66858974,Euc.sp,0,,,,0,,0,,,,,,,
31/03/2017,Kanchanaburi,Kanchanaburi,14,14.58537641,99.65445603,Euc.sp,0,,,,0,,0,,,,,,,
31/03/2017,Kanchanaburi,Kanchanaburi,15,14.59599803,99.62196567,Euc.sp,0,,,,0,,0,,,,,,,
31/03/2017,Kanchanaburi,Kanchanaburi,16,14.60085269,99.51851534,Euc.sp,1,x,,,0,,0,,,,,,,
31/03/2017,Kanchanaburi,Kanchanaburi,17,14.6458191,99.46047952,Euc.sp,0,,,,0,,0,,,,,,,
31/03/2017,Kanchanaburi,Kanchanaburi,18,14.67992674,99.44445512,Euc.sp,0,,,,0,,0,,,,,,,
31/03/2017,Kanchanaburi,Kanchanaburi,19,14.72509042,99.42368186,Euc.sp,0,,,,0,,0,,,,,,,
31/03/2017,Kanchanaburi,Kanchanaburi,20,14.62833351,99.4221864,Euc.sp,0,,,,0,,0,,,,,,,
21/04/2017,Trat,Trat,1,13.09501899,101.390295,Euc.sp,1,x,,,0,,0,,,,,,,
21/04/2017,Trat,Trat,2,13.09469302,101.390428,Euc.sp,0,,,,0,,0,,,,,,,
5/05/2017,Supanburi,Suphan Buri,1,14.50996359,99.97298498,Euc.sp,1,,,,0,2,2,100.00,,,,,,
5/05/2017,Supanburi,Suphan Buri,2,14.50991276,99.96997813,Euc.sp,1,x,,,0,,0,,,,,,,
5/05/2017,Supanburi,Suphan Buri,3,14.50991276,99.96997813,Euc.sp,0,,,,0,,0,,,,,,,
5/05/2017,Kanchanaburi,Kanchanaburi,4,14.56754104,99.75276255,Euc.sp,0,,,,0,,0,,,,,,,
5/05/2017,Kanchanaburi,Kanchanaburi,5,14.5566133,99.73484808,Euc.sp,1,,1,,1,1,2,33.33,,,,,,
5/05/2017,Kanchanaburi,Kanchanaburi,6,14.57272616,99.71082172,Euc.sp,0,,,,0,,0,,,,,,,
5/05/2017,Kanchanaburi,Kanchanaburi,7,14.58537641,99.65445603,Euc.sp,0,,,,0,,0,,,,,,,
5/05/2017,Kanchanaburi,Kanchanaburi,8,14.59599803,99.62196567,Euc.sp,1,x,,,0,,0,,,,,,,
5/05/2017,Kanchanaburi,Kanchanaburi,9,14.60085269,99.51851534,Euc.sp,0,,,,0,,0,,,,,,,
5/05/2017,Kanchanaburi,Kanchanaburi,10,14.6458191,99.46047952,Euc.sp,0,,,,0,,0,,,,,,,
11/05/2017,Road -238,Nakhonratchasima,1,15.383743,102.463606,Euc.sp,1,,,,0,6,6,100.00,,,,,,
11/05/2017,Road - 239,Nakhonratchasima,2,15.38371501,102.463424,Euc.sp,0,,,,0,,0,,,,,,,
11/05/2017,Road - 240,Nakhonratchasima,3,15.67745998,102.576026,Euc.sp,1,,1,,1,6,7,75.00,,,,,,
11/05/2017,Road - 241,Mahasarakham,4,16.04863898,102.924808,Euc.sp,0,,,,0,,0,,,,,,,
11/05/2017,Road - 242,Mahasarakham,5,16.55347397,103.63615,Euc.sp,1,x,,,0,,0,,,,,,,
11/05/2017,Road - 243,Karasin,6,16.64297299,103.711853,Euc.sp,1,,,,0,4,4,100.00,,,,,,
12/05/2017,Road - 244,Karasin,7,16.72507499,103.758829,Euc.sp,0,,,,0,,0,,,,,,,
12/05/2017,Road - 245,Sakonnakhon,8,17.31054699,103.942964,Euc.sp,0,,,,0,,0,,,,,,,
12/05/2017,Road - 246,Sakonnakhon,9,17.36358901,103.828526,Euc.sp,1,x,,,0,,0,,,,,,,
12/05/2017,Road - 247,Sakonnakhon,10,17.36635697,103.823577,Euc.sp,0,,,,0,,0,,,,,,,
12/05/2017,Road - 248,Sakonnakhon,11,17.48303801,103.73022,Euc.sp,1,x,,,0,,0,,,,,,,
12/05/2017,Road - 249,Sakonnakhon,12,17.570761,103.73167,Euc.sp,1,,,,0,15,15,100.00,,,,,,
12/05/2017,Road - 250,Sakonnakhon,13,17.589098,103.736878,Euc.sp,0,,,,0,,0,,,,,,,
12/05/2017,Road - 251,Sakonnakhon,14,17.63411896,103.798054,Euc.sp,0,,,,0,,0,,,,,,,
12/05/2017,Road - 252,Sakonnakhon,15,17.69092597,103.805738,Euc.sp,0,,,,0,,0,,,,,,,
12/05/2017,Road - 253,Sakonnakhon,16,17.692872,103.805955,Euc.sp,0,,,,0,,0,,,,,,,
12/05/2017,Road - 254,Sakonnakhon,17,17.52922104,104.09277,Euc.sp,0,,,,0,,0,,,,,,,
12/05/2017,Road - 255,Mahasarakham,18,16.04547498,102.888489,Euc.sp,0,,,,0,,0,,,,,,,
18/10/2017,Road - 219,Chachoengsao ,1,13.68105233,101.242455,Euc.sp,1,,,,0,1,1,100.00,,,,,,
18/10/2017,Road - 220,Chachoengsao ,2,13.63379264,101.3212568,Euc.sp,0,,,,0,6,6,100.00,,,,,,
18/10/2017,Road - 221,Chachoengsao ,3,13.6958235,101.4249276,Euc.sp,1,,,,0,1,1,100.00,,,,,,
18/10/2017,Road - 222,Chachoengsao ,4,13.71284849,101.4666834,Euc.sp,1,,,,0,,0,,,,,,,
18/10/2017,Road - 223,Chachoengsao ,5,13.7186683,101.4668567,Euc.sp,1,,34,,34,21,55,23.60,,,,,,
18/10/2017,Road - 224,Chachoengsao ,6,13.78155311,101.5490718,Euc.sp,1,,39,,39,160,199,67.23,,,,,,
18/10/2017,Road - 225,Prachinburi,7,13.76938937,101.5971917,Euc.sp,1,,15,,15,12,27,28.57,,,,,,
18/10/2017,Road - 226,Nakhonratchasima,8,14.67984427,101.8965745,Euc.sp,1,,,,0,10,10,100.00,,,,,,
18/10/2017,Road - 227,Nakhonratchasima,9,14.63589812,101.8373495,Euc.sp,0,,,,0,,0,,,,,,,
18/10/2017,Road - 228,Nakhonratchasima,10,14.61345918,101.8780208,Euc.sp,0,,2,,2,1,3,20.00,,,,,,
18/10/2017,Road - 229,Nakhonratchasima,11,14.5941756,101.8882667,Euc.sp,0,,2,,2,,2,0.00,,,,,,
18/10/2017,Road - 230,Nakhonratchasima,12,14.59290792,101.8907481,Euc.sp,1,,,,0,1,1,100.00,,,,,,
18/10/2017,Road - 231,Nakhonratchasima,13,14.59029227,101.8942467,Euc.sp,0,,,,0,1,1,100.00,,,,,,
18/10/2017,Road - 232,Nakhonratchasima,14,14.58963554,101.8927385,Euc.sp,1,x,,,0,,0,,,,,,,
18/10/2017,Road - 233,Nakhonratchasima,15,14.58195437,101.8918545,Euc.sp,1,x,,,0,,0,,,,,,,
19/10/2017,Road - 234,Nakhonratchasima,16,14.49313218,101.943473,Euc.sp,1,x,,,0,,0,,,,,,,
19/10/2017,Road - 235,Nakhonratchasima,17,14.55720437,101.9657081,Euc.sp,0,,,,0,,0,,,,,,,
19/10/2017,Road - 236,Nakhonratchasima,18,14.77762118,101.9692718,Euc.sp,0,,,,0,,0,,,,,,,
19/10/2017,Road - 237,Nakhonratchasima,19,14.79791318,101.9009737,Euc.sp,1,x,,,0,,0,,,,,,,
19/10/2017,Road - 238,Nakhonratchasima,20,14.79978863,101.8951693,Euc.sp,0,,,,0,,0,,,,,,,
19/10/2017,Road - 239,Nakhonratchasima,21,14.80615611,101.8636905,Euc.sp,0,,,,0,,0,,,,,,,
19/10/2017,Road - 240,Nakhonratchasima,22,14.84351987,101.7477754,Euc.sp,1,x,,,0,,0,,,,,,,
19/10/2017,Road - 241,Saraburi,23,14.53204072,100.9737648,Euc.sp,0,,,,0,,0,,,,,,,
19/10/2017,Road - 242,Saraburi,24,14.52478375,100.9807329,Euc.sp,1,x,,,0,,0,,,,,,,
,,,,,,,,,,,0,,0,,,,,,,
,,,,,Sum,,191,0,2559,12,,1900,,,,,,,,
,,,,,Number samples with males,,,No samples with males,,3,,,,,,,,,,
,,,,,Count,,,,,,72,78,96,,,,,,,
,,,,,Average,,,,,,,,,45.77,,,,,,
